Model,lo,hi,MAE
Linear,5.453074078897369,7.473954630460035,6.39420811327743
Ridge,5.471028100157528,7.48897348262117,6.409968596575288
XGBoost,5.623340567454692,7.503381701442145,6.54976856783062
LightGBM,5.627233173901951,7.504609733192232,6.532866123752053
MLP,7.921154569907635,11.010626831058964,9.315316461679544
LSTM,6.991124370678121,8.911835048331616,7.885458380850673
Persistence (lag-1),4.7374319607425175,6.93057664400469,5.791178080136138
Series train mean,5.963462912198341,8.489611071483218,7.227604264439491
Global train mean,23.09964452998801,26.35543292301516,24.6815737012237
